{"cameraMode":{"drawMode":0,"name":"Shaded","section":"Shading Mode"},"sceneLighting":false,"audioPlay":false,"sceneViewState":{"m_AlwaysRefresh":false,"showFog":true,"showSkybox":false,"showFlares":true,"showImageEffects":true,"showParticleSystems":true,"showVisualEffectGraphs":true,"m_FxEnabled":true},"in2DMode":false,"pivot":{"x":11.029467582702637,"y":0.6104707717895508,"z":-0.4176359176635742},"rotation":{"x":0.015780309215188028,"y":-0.9703185558319092,"z":0.23221293091773988,"w":0.06588373333215714},"size":2.795457363128662,"orthographic":false}