{"cameraMode":{"drawMode":0,"name":"Shaded","section":"Shading Mode"},"sceneLighting":false,"audioPlay":false,"sceneViewState":{"m_AlwaysRefresh":false,"showFog":true,"showSkybox":false,"showFlares":true,"showImageEffects":true,"showParticleSystems":true,"showVisualEffectGraphs":true,"m_FxEnabled":true},"in2DMode":false,"pivot":{"x":12.789615631103516,"y":2.2292165756225588,"z":11.121431350708008},"rotation":{"x":0.11196473240852356,"y":-0.14405900239944459,"z":0.016393307596445085,"w":0.9830979108810425},"size":2.8555684089660646,"orthographic":false}