{"cameraMode":{"drawMode":0,"name":"Shaded","section":"Shading Mode"},"sceneLighting":false,"audioPlay":false,"sceneViewState":{"m_AlwaysRefresh":false,"showFog":true,"showSkybox":false,"showFlares":true,"showImageEffects":true,"showParticleSystems":true,"showVisualEffectGraphs":true,"m_FxEnabled":true},"in2DMode":false,"pivot":{"x":5.347901821136475,"y":1.3665671348571778,"z":-0.3791654407978058},"rotation":{"x":0.07716492563486099,"y":0.7607892751693726,"z":-0.09270968288183212,"w":0.6378791928291321},"size":0.7374752163887024,"orthographic":false}